{"snowfall_sum": [0.0010003673781182724, 0.002026525261621434], "surface_net_solar_radiation_sum": [4422370.343431488, 9889230.280245515], "surface_net_thermal_radiation_sum": [-2839124.0034197937, 3643240.1610396034], "surface_pressure": [98868.1277767776, 7367.001172567359], "temperature_2m_max": [266.2545415568104, 23.63919733860082], "temperature_2m_min": [261.1023446943042, 20.165729331477518], "total_precipitation_sum": [0.0014583638367234547, 0.005226881373977491]}