{"snowfall_sum": [-0.0006103342158803214, 0.7984756456494438], "surface_net_solar_radiation_sum": [0.0007448988673149209, 1.022933739512522], "surface_net_thermal_radiation_sum": [-431.155529237023, 890110.4751172565], "surface_pressure": [98868.1277767776, 7367.001172567359], "temperature_2m_max": [266.2545415568104, 23.63919733860082], "temperature_2m_min": [261.1023446943042, 20.165729331477518], "total_precipitation_sum": [-0.0005335942090740124, 0.6498285929531973]}