{"snowfall_sum": [1.4681344505791297e-07, 0.0002668549583225151], "surface_net_solar_radiation_sum": [681.0646773027484, 1853711.7443998593], "surface_net_thermal_radiation_sum": [-431.155529237023, 890110.4751172565], "surface_pressure": [98868.1277767776, 7367.001172567359], "temperature_2m_max": [266.2545415568104, 23.63919733860082], "temperature_2m_min": [261.1023446943042, 20.165729331477518], "total_precipitation_sum": [2.1921400324482845e-07, 0.0006683973387421737]}